<?xml version="1.0" encoding="UTF-8"?>
<project-private xmlns="http://www.netbeans.org/ns/project-private/1">
    <editor-bookmarks xmlns="http://www.netbeans.org/ns/editor-bookmarks/2" lastBookmarkId="0"/>
    <open-files xmlns="http://www.netbeans.org/ns/projectui-open-files/2">
        <group>
            <file>file:/D:/project/SOURCE%20CODE/City_Guide/web/index.html</file>
            <file>file:/D:/project/SOURCE%20CODE/City_Guide/web/WEB-INF/web.xml</file>
            <file>file:/D:/project/SOURCE%20CODE/City_Guide/web/Administrator.jsp</file>
            <file>file:/D:/project/SOURCE%20CODE/City_Guide/src/java/cityGuide/UploadServlet.java</file>
            <file>file:/D:/project/SOURCE%20CODE/City_Guide/web/index.jsp</file>
        </group>
    </open-files>
</project-private>
